lead_h,threshold,fires_pct,precision,recall,n,base_rate
0,0.05,19.855967078189302,0.45595854922279794,0.8461538461538461,972,0.10699588477366255
0,0.1,11.522633744855968,0.7589285714285714,0.8173076923076923,972,0.10699588477366255
0,0.15,11.008230452674898,0.7850467289719626,0.8076923076923077,972,0.10699588477366255
0,0.2,10.802469135802468,0.8,0.8076923076923077,972,0.10699588477366255
0,0.3,10.699588477366255,0.7980769230769231,0.7980769230769231,972,0.10699588477366255
1,0.05,41.66666666666667,0.2123456790123457,0.8269230769230769,972,0.10699588477366255
1,0.1,16.97530864197531,0.3939393939393939,0.625,972,0.10699588477366255
1,0.15,12.551440329218108,0.5081967213114754,0.5961538461538461,972,0.10699588477366255
1,0.2,11.11111111111111,0.5648148148148148,0.5865384615384616,972,0.10699588477366255
1,0.3,9.25925925925926,0.6444444444444445,0.5576923076923077,972,0.10699588477366255
2,0.05,70.98765432098766,0.1289855072463768,0.8557692307692307,972,0.10699588477366255
2,0.1,23.559670781893004,0.2445414847161572,0.5384615384615384,972,0.10699588477366255
2,0.15,11.522633744855968,0.4107142857142857,0.4423076923076923,972,0.10699588477366255
2,0.2,9.876543209876543,0.4479166666666667,0.41346153846153844,972,0.10699588477366255
2,0.3,6.893004115226338,0.582089552238806,0.375,972,0.10699588477366255
3,0.05,76.440329218107,0.11305518169582772,0.8076923076923077,972,0.10699588477366255
3,0.1,29.218106995884774,0.176056338028169,0.4807692307692308,972,0.10699588477366255
3,0.15,12.551440329218108,0.2786885245901639,0.3269230769230769,972,0.10699588477366255
3,0.2,7.716049382716049,0.32,0.23076923076923078,972,0.10699588477366255
3,0.3,4.012345679012346,0.4358974358974359,0.16346153846153846,972,0.10699588477366255
6,0.05,78.90946502057614,0.10560625814863103,0.7788461538461539,972,0.10699588477366255
6,0.1,36.31687242798354,0.1048158640226629,0.3557692307692308,972,0.10699588477366255
6,0.15,13.991769547325102,0.10294117647058823,0.1346153846153846,972,0.10699588477366255
6,0.2,6.275720164609054,0.11475409836065574,0.0673076923076923,972,0.10699588477366255
6,0.3,2.263374485596708,0.045454545454545456,0.009615384615384616,972,0.10699588477366255
12,0.05,77.1604938271605,0.11066666666666666,0.7980769230769231,972,0.10699588477366255
12,0.1,34.67078189300412,0.12166172106824925,0.3942307692307692,972,0.10699588477366255
12,0.15,12.654320987654321,0.0975609756097561,0.11538461538461539,972,0.10699588477366255
12,0.2,7.098765432098765,0.07246376811594203,0.04807692307692308,972,0.10699588477366255
12,0.3,2.366255144032922,0.043478260869565216,0.009615384615384616,972,0.10699588477366255
24,0.05,80.1440329218107,0.10911424903722722,0.8173076923076923,972,0.10699588477366255
24,0.1,35.699588477366255,0.12680115273775217,0.4230769230769231,972,0.10699588477366255
24,0.15,10.2880658436214,0.05,0.04807692307692308,972,0.10699588477366255
24,0.2,6.172839506172839,0.016666666666666666,0.009615384615384616,972,0.10699588477366255
24,0.3,2.1604938271604937,0.0,0.0,972,0.10699588477366255
