lead_h,model,pr_auc,roc_auc,brier,recall_at_10pct,precision_at_10pct,base_rate
0,base_rate,0.1108483717071147,0.5,0.09950968452622838,0.10366766467065869,0.11493775933609958,0.1108483717071147
0,lookup_line,0.1332576465285122,0.5768732009456569,0.09875077262494689,0.13922155688622753,0.15435684647302905,0.1108483717071147
0,lookup_line_hour,0.14332521076623803,0.6092384033547239,0.09811481085060288,0.1377245508982036,0.15269709543568466,0.1108483717071147
0,lookup_line_hour_dow,0.14824732677213115,0.6215051322028178,0.09799428113137561,0.1343562874251497,0.14896265560165975,0.1108483717071147
0,lookup_shrunk,0.14766139607471845,0.6211271264916627,0.09793593296891544,0.1343562874251497,0.14896265560165975,0.1108483717071147
0,gbm_calendar,0.161703250282616,0.6571919235992626,0.09704383782784841,0.16055389221556887,0.17800829875518673,0.1108483717071147
0,gbm_full,0.826836749410126,0.9377322985485197,0.03373738630738601,0.7758233532934131,0.8601659751037345,0.1108483717071147
1,base_rate,0.1108483717071147,0.5,0.09950951466158622,0.10366766467065869,0.11493775933609958,0.1108483717071147
1,lookup_line,0.1332576465285122,0.5768732009456569,0.09875063040976245,0.13922155688622753,0.15435684647302905,0.1108483717071147
1,lookup_line_hour,0.1433544934079046,0.609246365781012,0.09811464794763261,0.1377245508982036,0.15269709543568466,0.1108483717071147
1,lookup_line_hour_dow,0.14825219180855495,0.6215058655841864,0.09799407267982524,0.1343562874251497,0.14896265560165975,0.1108483717071147
1,lookup_shrunk,0.14766625345498358,0.6211278773344926,0.09793572231734657,0.1343562874251497,0.14896265560165975,0.1108483717071147
1,gbm_calendar,0.16201741991197166,0.6576887807457916,0.09706538056728319,0.15868263473053892,0.17593360995850624,0.1108483717071147
1,gbm_full,0.6248107134564959,0.8643651843888391,0.060107191565743776,0.6021706586826348,0.6676348547717842,0.1108483717071147
2,base_rate,0.1108483717071147,0.5,0.09950934480045055,0.10366766467065869,0.11493775933609958,0.1108483717071147
2,lookup_line,0.1332576465285122,0.5768732009456569,0.0987504882036445,0.13922155688622753,0.15435684647302905,0.1108483717071147
2,lookup_line_hour,0.14333367447346468,0.6092493516908701,0.09811441165402682,0.1377245508982036,0.15269709543568466,0.1108483717071147
2,lookup_line_hour_dow,0.14825448754752557,0.6215019716783482,0.09799383282112209,0.1343562874251497,0.14896265560165975,0.1108483717071147
2,lookup_shrunk,0.14766852990449927,0.6211240707359601,0.09793549129391327,0.13585329341317365,0.15062240663900414,0.1108483717071147
2,gbm_calendar,0.16062962765061753,0.6577422652013195,0.09710678046973259,0.1601796407185629,0.17759336099585063,0.1108483717071147
2,gbm_full,0.49648725881578215,0.8100709448689986,0.0736172645820742,0.4865269461077844,0.5394190871369294,0.1108483717071147
3,base_rate,0.1108483717071147,0.5,0.09950938712578046,0.10366766467065869,0.11493775933609958,0.1108483717071147
3,lookup_line,0.1332576465285122,0.5768732009456569,0.0987507600433037,0.13922155688622753,0.15435684647302905,0.1108483717071147
3,lookup_line_hour,0.14333858588729323,0.6092712483631627,0.09811439404717796,0.1377245508982036,0.15269709543568466,0.1108483717071147
3,lookup_line_hour_dow,0.1482630210925393,0.6215231611614638,0.09799328101508498,0.1343562874251497,0.14896265560165975,0.1108483717071147
3,lookup_shrunk,0.14767704197033193,0.6211452602190757,0.09793503598922441,0.13585329341317365,0.15062240663900414,0.1108483717071147
3,gbm_calendar,0.1592208123076866,0.6558961434896269,0.09721622257953391,0.1627994011976048,0.18049792531120332,0.1108483717071147
3,gbm_full,0.40767633976640416,0.7689846069536846,0.08121714620648843,0.4038173652694611,0.44771784232365147,0.1108483717071147
6,base_rate,0.1108483717071147,0.5,0.09950938712578046,0.10366766467065869,0.11493775933609958,0.1108483717071147
6,lookup_line,0.1332576465285122,0.5768732009456569,0.0987507600433037,0.13922155688622753,0.15435684647302905,0.1108483717071147
6,lookup_line_hour,0.14333858588729323,0.6092712483631627,0.09811439404717796,0.1377245508982036,0.15269709543568466,0.1108483717071147
6,lookup_line_hour_dow,0.1482630210925393,0.6215231611614638,0.09799328101508498,0.1343562874251497,0.14896265560165975,0.1108483717071147
6,lookup_shrunk,0.14767704197033193,0.6211452602190757,0.09793503598922441,0.13585329341317365,0.15062240663900414,0.1108483717071147
6,gbm_calendar,0.1592208123076866,0.6558961434896269,0.09721622257953391,0.1627994011976048,0.18049792531120332,0.1108483717071147
6,gbm_full,0.2746668973602539,0.7068022396628849,0.09129422209036946,0.2773203592814371,0.3074688796680498,0.1108483717071147
12,base_rate,0.1108483717071147,0.5,0.09950838496826811,0.10366766467065869,0.11493775933609958,0.1108483717071147
12,lookup_line,0.1332576465285122,0.5768732009456569,0.09874990819381466,0.13922155688622753,0.15435684647302905,0.1108483717071147
12,lookup_line_hour,0.1433100162686241,0.6091518119688398,0.09811433600458949,0.1377245508982036,0.15269709543568466,0.1108483717071147
12,lookup_line_hour_dow,0.14829357515012553,0.6215027137904474,0.0979918962816937,0.1347305389221557,0.14937759336099585,0.1108483717071147
12,lookup_shrunk,0.14770815186616376,0.6211257208440395,0.09793362509318593,0.13547904191616766,0.15020746887966804,0.1108483717071147
12,gbm_calendar,0.1612028750312398,0.658022050193459,0.09707706797876971,0.15980538922155688,0.17717842323651453,0.1108483717071147
12,gbm_full,0.1974875784029786,0.6672217345042106,0.09618169878037341,0.20134730538922155,0.2232365145228216,0.1108483717071147
24,base_rate,0.1108483717071147,0.5,0.09950655905730857,0.10366766467065869,0.11493775933609958,0.1108483717071147
24,lookup_line,0.1332576465285122,0.5768732009456569,0.0987484494282085,0.13922155688622753,0.15435684647302905,0.1108483717071147
24,lookup_line_hour,0.14332763074432614,0.6092409178051307,0.09811227856092006,0.1377245508982036,0.15269709543568466,0.1108483717071147
24,lookup_line_hour_dow,0.14853165167847776,0.621669723935696,0.09798727098047778,0.13510479041916168,0.14979253112033195,0.1108483717071147
24,lookup_shrunk,0.14794049914668422,0.6212910983426698,0.09792945506036317,0.13323353293413173,0.14771784232365145,0.1108483717071147
24,gbm_calendar,0.16105811072328274,0.6571786616195128,0.09709147229379017,0.1661676646706587,0.18423236514522823,0.1108483717071147
24,gbm_full,0.16449072050229957,0.6461856939785339,0.09787221590755561,0.15419161676646706,0.17095435684647303,0.1108483717071147
